<?xml version="1.0" encoding="UTF-8"?>
<root>
  <item name="com.takisoft.fix.support.v7.preference.PreferenceFragmentCompatDividers divPrefFlags">
    <annotation name="android.support.annotation.IntDef">
      <val name="flag" val="true" />
      <val name="value" val="{com.takisoft.fix.support.v7.preference.PreferenceFragmentCompatDividers.DIVIDER_DEFAULT, com.takisoft.fix.support.v7.preference.PreferenceFragmentCompatDividers.DIVIDER_NONE, com.takisoft.fix.support.v7.preference.PreferenceFragmentCompatDividers.DIVIDER_CATEGORY_BETWEEN, com.takisoft.fix.support.v7.preference.PreferenceFragmentCompatDividers.DIVIDER_CATEGORY_BEFORE_FIRST, com.takisoft.fix.support.v7.preference.PreferenceFragmentCompatDividers.DIVIDER_CATEGORY_AFTER_LAST, com.takisoft.fix.support.v7.preference.PreferenceFragmentCompatDividers.DIVIDER_PREFERENCE_BETWEEN, com.takisoft.fix.support.v7.preference.PreferenceFragmentCompatDividers.DIVIDER_PREFERENCE_BEFORE_FIRST, com.takisoft.fix.support.v7.preference.PreferenceFragmentCompatDividers.DIVIDER_PREFERENCE_AFTER_LAST, com.takisoft.fix.support.v7.preference.PreferenceFragmentCompatDividers.DIVIDER_PADDING_CHILD, com.takisoft.fix.support.v7.preference.PreferenceFragmentCompatDividers.DIVIDER_PADDING_PARENT}" />
    </annotation>
  </item>
  <item name="com.takisoft.fix.support.v7.preference.PreferenceFragmentCompatDividers void applyDividerPreference(android.support.v7.widget.RecyclerView, int) 1">
    <annotation name="android.support.annotation.IntDef">
      <val name="flag" val="true" />
      <val name="value" val="{com.takisoft.fix.support.v7.preference.PreferenceFragmentCompatDividers.DIVIDER_DEFAULT, com.takisoft.fix.support.v7.preference.PreferenceFragmentCompatDividers.DIVIDER_NONE, com.takisoft.fix.support.v7.preference.PreferenceFragmentCompatDividers.DIVIDER_CATEGORY_BETWEEN, com.takisoft.fix.support.v7.preference.PreferenceFragmentCompatDividers.DIVIDER_CATEGORY_BEFORE_FIRST, com.takisoft.fix.support.v7.preference.PreferenceFragmentCompatDividers.DIVIDER_CATEGORY_AFTER_LAST, com.takisoft.fix.support.v7.preference.PreferenceFragmentCompatDividers.DIVIDER_PREFERENCE_BETWEEN, com.takisoft.fix.support.v7.preference.PreferenceFragmentCompatDividers.DIVIDER_PREFERENCE_BEFORE_FIRST, com.takisoft.fix.support.v7.preference.PreferenceFragmentCompatDividers.DIVIDER_PREFERENCE_AFTER_LAST, com.takisoft.fix.support.v7.preference.PreferenceFragmentCompatDividers.DIVIDER_PADDING_CHILD, com.takisoft.fix.support.v7.preference.PreferenceFragmentCompatDividers.DIVIDER_PADDING_PARENT}" />
    </annotation>
  </item>
  <item name="com.takisoft.fix.support.v7.preference.PreferenceFragmentCompatDividers void setDividerPreferences(int) 0">
    <annotation name="android.support.annotation.IntDef">
      <val name="flag" val="true" />
      <val name="value" val="{com.takisoft.fix.support.v7.preference.PreferenceFragmentCompatDividers.DIVIDER_DEFAULT, com.takisoft.fix.support.v7.preference.PreferenceFragmentCompatDividers.DIVIDER_NONE, com.takisoft.fix.support.v7.preference.PreferenceFragmentCompatDividers.DIVIDER_CATEGORY_BETWEEN, com.takisoft.fix.support.v7.preference.PreferenceFragmentCompatDividers.DIVIDER_CATEGORY_BEFORE_FIRST, com.takisoft.fix.support.v7.preference.PreferenceFragmentCompatDividers.DIVIDER_CATEGORY_AFTER_LAST, com.takisoft.fix.support.v7.preference.PreferenceFragmentCompatDividers.DIVIDER_PREFERENCE_BETWEEN, com.takisoft.fix.support.v7.preference.PreferenceFragmentCompatDividers.DIVIDER_PREFERENCE_BEFORE_FIRST, com.takisoft.fix.support.v7.preference.PreferenceFragmentCompatDividers.DIVIDER_PREFERENCE_AFTER_LAST, com.takisoft.fix.support.v7.preference.PreferenceFragmentCompatDividers.DIVIDER_PADDING_CHILD, com.takisoft.fix.support.v7.preference.PreferenceFragmentCompatDividers.DIVIDER_PADDING_PARENT}" />
    </annotation>
  </item>
</root>

