<?xml version="1.0" encoding="UTF-8"?>
<root>
  <item name="android.support.v7.preference.PreferenceFragmentCompatDividers divPrefFlags">
    <annotation name="android.support.annotation.IntDef">
      <val name="flag" val="true" />
      <val name="value" val="{android.support.v7.preference.PreferenceFragmentCompatDividers.DIVIDER_CATEGORY_BETWEEN, android.support.v7.preference.PreferenceFragmentCompatDividers.DIVIDER_CATEGORY_BEFORE_FIRST, android.support.v7.preference.PreferenceFragmentCompatDividers.DIVIDER_CATEGORY_AFTER_LAST, android.support.v7.preference.PreferenceFragmentCompatDividers.DIVIDER_PREFERENCE_BETWEEN, android.support.v7.preference.PreferenceFragmentCompatDividers.DIVIDER_PREFERENCE_BEFORE_FIRST, android.support.v7.preference.PreferenceFragmentCompatDividers.DIVIDER_PREFERENCE_AFTER_LAST, android.support.v7.preference.PreferenceFragmentCompatDividers.DIVIDER_PADDING_CHILD, android.support.v7.preference.PreferenceFragmentCompatDividers.DIVIDER_PADDING_PARENT}" />
    </annotation>
    <annotation name="android.support.annotation.IntDef">
      <val name="value" val="{android.support.v7.preference.PreferenceFragmentCompatDividers.DIVIDER_DEFAULT, android.support.v7.preference.PreferenceFragmentCompatDividers.DIVIDER_NONE}" />
    </annotation>
  </item>
  <item name="android.support.v7.preference.PreferenceFragmentCompatDividers void applyDividerPreference(android.support.v7.widget.RecyclerView, int) 1">
    <annotation name="android.support.annotation.IntDef">
      <val name="flag" val="true" />
      <val name="value" val="{android.support.v7.preference.PreferenceFragmentCompatDividers.DIVIDER_CATEGORY_BETWEEN, android.support.v7.preference.PreferenceFragmentCompatDividers.DIVIDER_CATEGORY_BEFORE_FIRST, android.support.v7.preference.PreferenceFragmentCompatDividers.DIVIDER_CATEGORY_AFTER_LAST, android.support.v7.preference.PreferenceFragmentCompatDividers.DIVIDER_PREFERENCE_BETWEEN, android.support.v7.preference.PreferenceFragmentCompatDividers.DIVIDER_PREFERENCE_BEFORE_FIRST, android.support.v7.preference.PreferenceFragmentCompatDividers.DIVIDER_PREFERENCE_AFTER_LAST, android.support.v7.preference.PreferenceFragmentCompatDividers.DIVIDER_PADDING_CHILD, android.support.v7.preference.PreferenceFragmentCompatDividers.DIVIDER_PADDING_PARENT}" />
    </annotation>
    <annotation name="android.support.annotation.IntDef">
      <val name="value" val="{android.support.v7.preference.PreferenceFragmentCompatDividers.DIVIDER_DEFAULT, android.support.v7.preference.PreferenceFragmentCompatDividers.DIVIDER_NONE}" />
    </annotation>
  </item>
  <item name="android.support.v7.preference.PreferenceFragmentCompatDividers void setDividerPreferences(int) 0">
    <annotation name="android.support.annotation.IntDef">
      <val name="flag" val="true" />
      <val name="value" val="{android.support.v7.preference.PreferenceFragmentCompatDividers.DIVIDER_CATEGORY_BETWEEN, android.support.v7.preference.PreferenceFragmentCompatDividers.DIVIDER_CATEGORY_BEFORE_FIRST, android.support.v7.preference.PreferenceFragmentCompatDividers.DIVIDER_CATEGORY_AFTER_LAST, android.support.v7.preference.PreferenceFragmentCompatDividers.DIVIDER_PREFERENCE_BETWEEN, android.support.v7.preference.PreferenceFragmentCompatDividers.DIVIDER_PREFERENCE_BEFORE_FIRST, android.support.v7.preference.PreferenceFragmentCompatDividers.DIVIDER_PREFERENCE_AFTER_LAST, android.support.v7.preference.PreferenceFragmentCompatDividers.DIVIDER_PADDING_CHILD, android.support.v7.preference.PreferenceFragmentCompatDividers.DIVIDER_PADDING_PARENT}" />
    </annotation>
    <annotation name="android.support.annotation.IntDef">
      <val name="value" val="{android.support.v7.preference.PreferenceFragmentCompatDividers.DIVIDER_DEFAULT, android.support.v7.preference.PreferenceFragmentCompatDividers.DIVIDER_NONE}" />
    </annotation>
  </item>
</root>

